{"Player1Move":{"SuccessfulMove":true,"CommandIssued":"FireSingleShot","CenterPoint":"9, 8","ShieldRadius":0,"PlaceShipString":"Battleship 1 2 east ,Carrier 8 2 north ,Cruiser 0 4 north ,Destroyer 3 6 north ,Submarine 4 4 east ","Energy":5,"RemainingShieldTurns":0},"Player2Move":{"SuccessfulMove":true,"CommandIssued":"FireSingleShot","CenterPoint":"4, 0","ShieldRadius":0,"PlaceShipString":"Battleship 1 0 north ,Carrier 3 1 East ,Cruiser 4 2 north ,Destroyer 7 3 north ,Submarine 1 8 East ","Energy":5,"RemainingShieldTurns":0}}