{"Player1Move":{"SuccessfulMove":true,"CommandIssued":"FireSingleShot","CenterPoint":"5, 3","ShieldRadius":2,"PlaceShipString":"Battleship 1 2 east ,Carrier 8 2 north ,Cruiser 0 4 north ,Destroyer 3 6 north ,Submarine 4 4 east ","Energy":69,"RemainingShieldTurns":4},"Player2Move":{"SuccessfulMove":true,"CommandIssued":"FireSingleShot","CenterPoint":"8, 5","ShieldRadius":2,"PlaceShipString":"Battleship 1 0 north ,Carrier 3 1 East ,Cruiser 4 2 north ,Destroyer 7 3 north ,Submarine 1 8 East ","Energy":69,"RemainingShieldTurns":4}}