{"MapSize":10,"Round":0,"Winner":{"Author":"Henry","NickName":"py3Bot","Email":"henry.harya@gmail.com","BotType":"Python3"},"LeaderBoard":[{"Author":"Henry","NickName":"py3Bot","Email":"henry.harya@gmail.com","BotType":"Python3"},{"Author":"Abram, Rama, William","NickName":"BotJuara","Email":"13516083@std.stei.itb.ac.id","BotType":"Python3"}],"Players":[{"Author":"Henry","NickName":"py3Bot","Email":"henry.harya@gmail.com","BotType":"Python3"},{"Author":"Abram, Rama, William","NickName":"BotJuara","Email":"13516083@std.stei.itb.ac.id","BotType":"Python3"}]}