{"PlayerMap":null,"OpponentMap":null,"GameVersion":"1.0.0","GameLevel":1,"Round":0,"MapDimension":10,"Phase":1,"Player1Map":{"Cells":[{"Occupied":false,"Hit":false,"X":0,"Y":0,"Shielded":false,"ShieldHit":false},{"Occupied":false,"Hit":false,"X":0,"Y":1,"Shielded":false,"ShieldHit":false},{"Occupied":false,"Hit":false,"X":0,"Y":2,"Shielded":false,"ShieldHit":false},{"Occupied":false,"Hit":false,"X":0,"Y":3,"Shielded":false,"ShieldHit":false},{"Occupied":false,"Hit":false,"X":0,"Y":4,"Shielded":false,"ShieldHit":false},{"Occupied":false,"Hit":false,"X":0,"Y":5,"Shielded":false,"ShieldHit":false},{"Occupied":false,"Hit":false,"X":0,"Y":6,"Shielded":false,"ShieldHit":false},{"Occupied":false,"Hit":false,"X":0,"Y":7,"Shielded":false,"ShieldHit":false},{"Occupied":false,"Hit":false,"X":0,"Y":8,"Shielded":false,"ShieldHit":false},{"Occupied":false,"Hit":false,"X":0,"Y":9,"Shielded":false,"ShieldHit":false},{"Occupied":false,"Hit":false,"X":1,"Y":0,"Shielded":false,"ShieldHit":false},{"Occupied":false,"Hit":false,"X":1,"Y":1,"Shielded":false,"ShieldHit":false},{"Occupied":false,"Hit":false,"X":1,"Y":2,"Shielded":false,"ShieldHit":false},{"Occupied":false,"Hit":false,"X":1,"Y":3,"Shielded":false,"ShieldHit":false},{"Occupied":false,"Hit":false,"X":1,"Y":4,"Shielded":false,"ShieldHit":false},{"Occupied":false,"Hit":false,"X":1,"Y":5,"Shielded":false,"ShieldHit":false},{"Occupied":false,"Hit":false,"X":1,"Y":6,"Shielded":false,"ShieldHit":false},{"Occupied":false,"Hit":false,"X":1,"Y":7,"Shielded":false,"ShieldHit":false},{"Occupied":false,"Hit":false,"X":1,"Y":8,"Shielded":false,"ShieldHit":false},{"Occupied":false,"Hit":false,"X":1,"Y":9,"Shielded":false,"ShieldHit":false},{"Occupied":false,"Hit":false,"X":2,"Y":0,"Shielded":false,"ShieldHit":false},{"Occupied":false,"Hit":false,"X":2,"Y":1,"Shielded":false,"ShieldHit":false},{"Occupied":false,"Hit":false,"X":2,"Y":2,"Shielded":false,"ShieldHit":false},{"Occupied":false,"Hit":false,"X":2,"Y":3,"Shielded":false,"ShieldHit":false},{"Occupied":false,"Hit":false,"X":2,"Y":4,"Shielded":false,"ShieldHit":false},{"Occupied":false,"Hit":false,"X":2,"Y":5,"Shielded":false,"ShieldHit":false},{"Occupied":false,"Hit":false,"X":2,"Y":6,"Shielded":false,"ShieldHit":false},{"Occupied":false,"Hit":false,"X":2,"Y":7,"Shielded":false,"ShieldHit":false},{"Occupied":false,"Hit":false,"X":2,"Y":8,"Shielded":false,"ShieldHit":false},{"Occupied":false,"Hit":false,"X":2,"Y":9,"Shielded":false,"ShieldHit":false},{"Occupied":false,"Hit":false,"X":3,"Y":0,"Shielded":false,"ShieldHit":false},{"Occupied":false,"Hit":false,"X":3,"Y":1,"Shielded":false,"ShieldHit":false},{"Occupied":false,"Hit":false,"X":3,"Y":2,"Shielded":false,"ShieldHit":false},{"Occupied":false,"Hit":false,"X":3,"Y":3,"Shielded":false,"ShieldHit":false},{"Occupied":false,"Hit":false,"X":3,"Y":4,"Shielded":false,"ShieldHit":false},{"Occupied":false,"Hit":false,"X":3,"Y":5,"Shielded":false,"ShieldHit":false},{"Occupied":false,"Hit":false,"X":3,"Y":6,"Shielded":false,"ShieldHit":false},{"Occupied":false,"Hit":false,"X":3,"Y":7,"Shielded":false,"ShieldHit":false},{"Occupied":false,"Hit":false,"X":3,"Y":8,"Shielded":false,"ShieldHit":false},{"Occupied":false,"Hit":false,"X":3,"Y":9,"Shielded":false,"ShieldHit":false},{"Occupied":false,"Hit":false,"X":4,"Y":0,"Shielded":false,"ShieldHit":false},{"Occupied":false,"Hit":false,"X":4,"Y":1,"Shielded":false,"ShieldHit":false},{"Occupied":false,"Hit":false,"X":4,"Y":2,"Shielded":false,"ShieldHit":false},{"Occupied":false,"Hit":false,"X":4,"Y":3,"Shielded":false,"ShieldHit":false},{"Occupied":false,"Hit":false,"X":4,"Y":4,"Shielded":false,"ShieldHit":false},{"Occupied":false,"Hit":false,"X":4,"Y":5,"Shielded":false,"ShieldHit":false},{"Occupied":false,"Hit":false,"X":4,"Y":6,"Shielded":false,"ShieldHit":false},{"Occupied":false,"Hit":false,"X":4,"Y":7,"Shielded":false,"ShieldHit":false},{"Occupied":false,"Hit":false,"X":4,"Y":8,"Shielded":false,"ShieldHit":false},{"Occupied":false,"Hit":false,"X":4,"Y":9,"Shielded":false,"ShieldHit":false},{"Occupied":false,"Hit":false,"X":5,"Y":0,"Shielded":false,"ShieldHit":false},{"Occupied":false,"Hit":false,"X":5,"Y":1,"Shielded":false,"ShieldHit":false},{"Occupied":false,"Hit":false,"X":5,"Y":2,"Shielded":false,"ShieldHit":false},{"Occupied":false,"Hit":false,"X":5,"Y":3,"Shielded":false,"ShieldHit":false},{"Occupied":false,"Hit":false,"X":5,"Y":4,"Shielded":false,"ShieldHit":false},{"Occupied":false,"Hit":false,"X":5,"Y":5,"Shielded":false,"ShieldHit":false},{"Occupied":false,"Hit":false,"X":5,"Y":6,"Shielded":false,"ShieldHit":false},{"Occupied":false,"Hit":false,"X":5,"Y":7,"Shielded":false,"ShieldHit":false},{"Occupied":false,"Hit":false,"X":5,"Y":8,"Shielded":false,"ShieldHit":false},{"Occupied":false,"Hit":false,"X":5,"Y":9,"Shielded":false,"ShieldHit":false},{"Occupied":false,"Hit":false,"X":6,"Y":0,"Shielded":false,"ShieldHit":false},{"Occupied":false,"Hit":false,"X":6,"Y":1,"Shielded":false,"ShieldHit":false},{"Occupied":false,"Hit":false,"X":6,"Y":2,"Shielded":false,"ShieldHit":false},{"Occupied":false,"Hit":false,"X":6,"Y":3,"Shielded":false,"ShieldHit":false},{"Occupied":false,"Hit":false,"X":6,"Y":4,"Shielded":false,"ShieldHit":false},{"Occupied":false,"Hit":false,"X":6,"Y":5,"Shielded":false,"ShieldHit":false},{"Occupied":false,"Hit":false,"X":6,"Y":6,"Shielded":false,"ShieldHit":false},{"Occupied":false,"Hit":false,"X":6,"Y":7,"Shielded":false,"ShieldHit":false},{"Occupied":false,"Hit":false,"X":6,"Y":8,"Shielded":false,"ShieldHit":false},{"Occupied":false,"Hit":false,"X":6,"Y":9,"Shielded":false,"ShieldHit":false},{"Occupied":false,"Hit":false,"X":7,"Y":0,"Shielded":false,"ShieldHit":false},{"Occupied":false,"Hit":false,"X":7,"Y":1,"Shielded":false,"ShieldHit":false},{"Occupied":false,"Hit":false,"X":7,"Y":2,"Shielded":false,"ShieldHit":false},{"Occupied":false,"Hit":false,"X":7,"Y":3,"Shielded":false,"ShieldHit":false},{"Occupied":false,"Hit":false,"X":7,"Y":4,"Shielded":false,"ShieldHit":false},{"Occupied":false,"Hit":false,"X":7,"Y":5,"Shielded":false,"ShieldHit":false},{"Occupied":false,"Hit":false,"X":7,"Y":6,"Shielded":false,"ShieldHit":false},{"Occupied":false,"Hit":false,"X":7,"Y":7,"Shielded":false,"ShieldHit":false},{"Occupied":false,"Hit":false,"X":7,"Y":8,"Shielded":false,"ShieldHit":false},{"Occupied":false,"Hit":false,"X":7,"Y":9,"Shielded":false,"ShieldHit":false},{"Occupied":false,"Hit":false,"X":8,"Y":0,"Shielded":false,"ShieldHit":false},{"Occupied":false,"Hit":false,"X":8,"Y":1,"Shielded":false,"ShieldHit":false},{"Occupied":false,"Hit":false,"X":8,"Y":2,"Shielded":false,"ShieldHit":false},{"Occupied":false,"Hit":false,"X":8,"Y":3,"Shielded":false,"ShieldHit":false},{"Occupied":false,"Hit":false,"X":8,"Y":4,"Shielded":false,"ShieldHit":false},{"Occupied":false,"Hit":false,"X":8,"Y":5,"Shielded":false,"ShieldHit":false},{"Occupied":false,"Hit":false,"X":8,"Y":6,"Shielded":false,"ShieldHit":false},{"Occupied":false,"Hit":false,"X":8,"Y":7,"Shielded":false,"ShieldHit":false},{"Occupied":false,"Hit":false,"X":8,"Y":8,"Shielded":false,"ShieldHit":false},{"Occupied":false,"Hit":false,"X":8,"Y":9,"Shielded":false,"ShieldHit":false},{"Occupied":false,"Hit":false,"X":9,"Y":0,"Shielded":false,"ShieldHit":false},{"Occupied":false,"Hit":false,"X":9,"Y":1,"Shielded":false,"ShieldHit":false},{"Occupied":false,"Hit":false,"X":9,"Y":2,"Shielded":false,"ShieldHit":false},{"Occupied":false,"Hit":false,"X":9,"Y":3,"Shielded":false,"ShieldHit":false},{"Occupied":false,"Hit":false,"X":9,"Y":4,"Shielded":false,"ShieldHit":false},{"Occupied":false,"Hit":false,"X":9,"Y":5,"Shielded":false,"ShieldHit":false},{"Occupied":false,"Hit":false,"X":9,"Y":6,"Shielded":false,"ShieldHit":false},{"Occupied":false,"Hit":false,"X":9,"Y":7,"Shielded":false,"ShieldHit":false},{"Occupied":false,"Hit":false,"X":9,"Y":8,"Shielded":false,"ShieldHit":false},{"Occupied":false,"Hit":false,"X":9,"Y":9,"Shielded":false,"ShieldHit":false}],"Owner":{"FailedFirstPhaseCommands":0,"Name":"py3Bot","Ships":[{"Cells":[null,null,null],"Destroyed":false,"Placed":false,"ShipType":"Submarine","Weapons":[{"WeaponType":"SingleShot","EnergyRequired":1},{"WeaponType":"SeekerMissile","EnergyRequired":36}]},{"Cells":[null,null],"Destroyed":false,"Placed":false,"ShipType":"Destroyer","Weapons":[{"WeaponType":"SingleShot","EnergyRequired":1},{"WeaponType":"DoubleShot","EnergyRequired":24}]},{"Cells":[null,null,null,null],"Destroyed":false,"Placed":false,"ShipType":"Battleship","Weapons":[{"WeaponType":"SingleShot","EnergyRequired":1},{"WeaponType":"DiagonalCrossShot","EnergyRequired":36}]},{"Cells":[null,null,null,null,null],"Destroyed":false,"Placed":false,"ShipType":"Carrier","Weapons":[{"WeaponType":"SingleShot","EnergyRequired":1},{"WeaponType":"CornerShot","EnergyRequired":30}]},{"Cells":[null,null,null],"Destroyed":false,"Placed":false,"ShipType":"Cruiser","Weapons":[{"WeaponType":"SingleShot","EnergyRequired":1},{"WeaponType":"CrossShot","EnergyRequired":42}]}],"Points":0,"Energy":3,"Killed":false,"IsWinner":false,"ShotsFired":0,"ShotsHit":0,"Shield":{"ChargeTime":7,"RoundLastUsed":0,"CurrentCharges":0,"Active":false,"CurrentRadius":0,"MaxRadius":2,"CenterPoint":"0, 0"},"ShipsRemaining":5,"Key":"A"},"MapWidth":10,"MapHeight":10},"Player2Map":{"Cells":[{"Occupied":false,"Hit":false,"X":0,"Y":0,"Shielded":false,"ShieldHit":false},{"Occupied":false,"Hit":false,"X":0,"Y":1,"Shielded":false,"ShieldHit":false},{"Occupied":false,"Hit":false,"X":0,"Y":2,"Shielded":false,"ShieldHit":false},{"Occupied":false,"Hit":false,"X":0,"Y":3,"Shielded":false,"ShieldHit":false},{"Occupied":false,"Hit":false,"X":0,"Y":4,"Shielded":false,"ShieldHit":false},{"Occupied":false,"Hit":false,"X":0,"Y":5,"Shielded":false,"ShieldHit":false},{"Occupied":false,"Hit":false,"X":0,"Y":6,"Shielded":false,"ShieldHit":false},{"Occupied":false,"Hit":false,"X":0,"Y":7,"Shielded":false,"ShieldHit":false},{"Occupied":false,"Hit":false,"X":0,"Y":8,"Shielded":false,"ShieldHit":false},{"Occupied":false,"Hit":false,"X":0,"Y":9,"Shielded":false,"ShieldHit":false},{"Occupied":false,"Hit":false,"X":1,"Y":0,"Shielded":false,"ShieldHit":false},{"Occupied":false,"Hit":false,"X":1,"Y":1,"Shielded":false,"ShieldHit":false},{"Occupied":false,"Hit":false,"X":1,"Y":2,"Shielded":false,"ShieldHit":false},{"Occupied":false,"Hit":false,"X":1,"Y":3,"Shielded":false,"ShieldHit":false},{"Occupied":false,"Hit":false,"X":1,"Y":4,"Shielded":false,"ShieldHit":false},{"Occupied":false,"Hit":false,"X":1,"Y":5,"Shielded":false,"ShieldHit":false},{"Occupied":false,"Hit":false,"X":1,"Y":6,"Shielded":false,"ShieldHit":false},{"Occupied":false,"Hit":false,"X":1,"Y":7,"Shielded":false,"ShieldHit":false},{"Occupied":false,"Hit":false,"X":1,"Y":8,"Shielded":false,"ShieldHit":false},{"Occupied":false,"Hit":false,"X":1,"Y":9,"Shielded":false,"ShieldHit":false},{"Occupied":false,"Hit":false,"X":2,"Y":0,"Shielded":false,"ShieldHit":false},{"Occupied":false,"Hit":false,"X":2,"Y":1,"Shielded":false,"ShieldHit":false},{"Occupied":false,"Hit":false,"X":2,"Y":2,"Shielded":false,"ShieldHit":false},{"Occupied":false,"Hit":false,"X":2,"Y":3,"Shielded":false,"ShieldHit":false},{"Occupied":false,"Hit":false,"X":2,"Y":4,"Shielded":false,"ShieldHit":false},{"Occupied":false,"Hit":false,"X":2,"Y":5,"Shielded":false,"ShieldHit":false},{"Occupied":false,"Hit":false,"X":2,"Y":6,"Shielded":false,"ShieldHit":false},{"Occupied":false,"Hit":false,"X":2,"Y":7,"Shielded":false,"ShieldHit":false},{"Occupied":false,"Hit":false,"X":2,"Y":8,"Shielded":false,"ShieldHit":false},{"Occupied":false,"Hit":false,"X":2,"Y":9,"Shielded":false,"ShieldHit":false},{"Occupied":false,"Hit":false,"X":3,"Y":0,"Shielded":false,"ShieldHit":false},{"Occupied":false,"Hit":false,"X":3,"Y":1,"Shielded":false,"ShieldHit":false},{"Occupied":false,"Hit":false,"X":3,"Y":2,"Shielded":false,"ShieldHit":false},{"Occupied":false,"Hit":false,"X":3,"Y":3,"Shielded":false,"ShieldHit":false},{"Occupied":false,"Hit":false,"X":3,"Y":4,"Shielded":false,"ShieldHit":false},{"Occupied":false,"Hit":false,"X":3,"Y":5,"Shielded":false,"ShieldHit":false},{"Occupied":false,"Hit":false,"X":3,"Y":6,"Shielded":false,"ShieldHit":false},{"Occupied":false,"Hit":false,"X":3,"Y":7,"Shielded":false,"ShieldHit":false},{"Occupied":false,"Hit":false,"X":3,"Y":8,"Shielded":false,"ShieldHit":false},{"Occupied":false,"Hit":false,"X":3,"Y":9,"Shielded":false,"ShieldHit":false},{"Occupied":false,"Hit":false,"X":4,"Y":0,"Shielded":false,"ShieldHit":false},{"Occupied":false,"Hit":false,"X":4,"Y":1,"Shielded":false,"ShieldHit":false},{"Occupied":false,"Hit":false,"X":4,"Y":2,"Shielded":false,"ShieldHit":false},{"Occupied":false,"Hit":false,"X":4,"Y":3,"Shielded":false,"ShieldHit":false},{"Occupied":false,"Hit":false,"X":4,"Y":4,"Shielded":false,"ShieldHit":false},{"Occupied":false,"Hit":false,"X":4,"Y":5,"Shielded":false,"ShieldHit":false},{"Occupied":false,"Hit":false,"X":4,"Y":6,"Shielded":false,"ShieldHit":false},{"Occupied":false,"Hit":false,"X":4,"Y":7,"Shielded":false,"ShieldHit":false},{"Occupied":false,"Hit":false,"X":4,"Y":8,"Shielded":false,"ShieldHit":false},{"Occupied":false,"Hit":false,"X":4,"Y":9,"Shielded":false,"ShieldHit":false},{"Occupied":false,"Hit":false,"X":5,"Y":0,"Shielded":false,"ShieldHit":false},{"Occupied":false,"Hit":false,"X":5,"Y":1,"Shielded":false,"ShieldHit":false},{"Occupied":false,"Hit":false,"X":5,"Y":2,"Shielded":false,"ShieldHit":false},{"Occupied":false,"Hit":false,"X":5,"Y":3,"Shielded":false,"ShieldHit":false},{"Occupied":false,"Hit":false,"X":5,"Y":4,"Shielded":false,"ShieldHit":false},{"Occupied":false,"Hit":false,"X":5,"Y":5,"Shielded":false,"ShieldHit":false},{"Occupied":false,"Hit":false,"X":5,"Y":6,"Shielded":false,"ShieldHit":false},{"Occupied":false,"Hit":false,"X":5,"Y":7,"Shielded":false,"ShieldHit":false},{"Occupied":false,"Hit":false,"X":5,"Y":8,"Shielded":false,"ShieldHit":false},{"Occupied":false,"Hit":false,"X":5,"Y":9,"Shielded":false,"ShieldHit":false},{"Occupied":false,"Hit":false,"X":6,"Y":0,"Shielded":false,"ShieldHit":false},{"Occupied":false,"Hit":false,"X":6,"Y":1,"Shielded":false,"ShieldHit":false},{"Occupied":false,"Hit":false,"X":6,"Y":2,"Shielded":false,"ShieldHit":false},{"Occupied":false,"Hit":false,"X":6,"Y":3,"Shielded":false,"ShieldHit":false},{"Occupied":false,"Hit":false,"X":6,"Y":4,"Shielded":false,"ShieldHit":false},{"Occupied":false,"Hit":false,"X":6,"Y":5,"Shielded":false,"ShieldHit":false},{"Occupied":false,"Hit":false,"X":6,"Y":6,"Shielded":false,"ShieldHit":false},{"Occupied":false,"Hit":false,"X":6,"Y":7,"Shielded":false,"ShieldHit":false},{"Occupied":false,"Hit":false,"X":6,"Y":8,"Shielded":false,"ShieldHit":false},{"Occupied":false,"Hit":false,"X":6,"Y":9,"Shielded":false,"ShieldHit":false},{"Occupied":false,"Hit":false,"X":7,"Y":0,"Shielded":false,"ShieldHit":false},{"Occupied":false,"Hit":false,"X":7,"Y":1,"Shielded":false,"ShieldHit":false},{"Occupied":false,"Hit":false,"X":7,"Y":2,"Shielded":false,"ShieldHit":false},{"Occupied":false,"Hit":false,"X":7,"Y":3,"Shielded":false,"ShieldHit":false},{"Occupied":false,"Hit":false,"X":7,"Y":4,"Shielded":false,"ShieldHit":false},{"Occupied":false,"Hit":false,"X":7,"Y":5,"Shielded":false,"ShieldHit":false},{"Occupied":false,"Hit":false,"X":7,"Y":6,"Shielded":false,"ShieldHit":false},{"Occupied":false,"Hit":false,"X":7,"Y":7,"Shielded":false,"ShieldHit":false},{"Occupied":false,"Hit":false,"X":7,"Y":8,"Shielded":false,"ShieldHit":false},{"Occupied":false,"Hit":false,"X":7,"Y":9,"Shielded":false,"ShieldHit":false},{"Occupied":false,"Hit":false,"X":8,"Y":0,"Shielded":false,"ShieldHit":false},{"Occupied":false,"Hit":false,"X":8,"Y":1,"Shielded":false,"ShieldHit":false},{"Occupied":false,"Hit":false,"X":8,"Y":2,"Shielded":false,"ShieldHit":false},{"Occupied":false,"Hit":false,"X":8,"Y":3,"Shielded":false,"ShieldHit":false},{"Occupied":false,"Hit":false,"X":8,"Y":4,"Shielded":false,"ShieldHit":false},{"Occupied":false,"Hit":false,"X":8,"Y":5,"Shielded":false,"ShieldHit":false},{"Occupied":false,"Hit":false,"X":8,"Y":6,"Shielded":false,"ShieldHit":false},{"Occupied":false,"Hit":false,"X":8,"Y":7,"Shielded":false,"ShieldHit":false},{"Occupied":false,"Hit":false,"X":8,"Y":8,"Shielded":false,"ShieldHit":false},{"Occupied":false,"Hit":false,"X":8,"Y":9,"Shielded":false,"ShieldHit":false},{"Occupied":false,"Hit":false,"X":9,"Y":0,"Shielded":false,"ShieldHit":false},{"Occupied":false,"Hit":false,"X":9,"Y":1,"Shielded":false,"ShieldHit":false},{"Occupied":false,"Hit":false,"X":9,"Y":2,"Shielded":false,"ShieldHit":false},{"Occupied":false,"Hit":false,"X":9,"Y":3,"Shielded":false,"ShieldHit":false},{"Occupied":false,"Hit":false,"X":9,"Y":4,"Shielded":false,"ShieldHit":false},{"Occupied":false,"Hit":false,"X":9,"Y":5,"Shielded":false,"ShieldHit":false},{"Occupied":false,"Hit":false,"X":9,"Y":6,"Shielded":false,"ShieldHit":false},{"Occupied":false,"Hit":false,"X":9,"Y":7,"Shielded":false,"ShieldHit":false},{"Occupied":false,"Hit":false,"X":9,"Y":8,"Shielded":false,"ShieldHit":false},{"Occupied":false,"Hit":false,"X":9,"Y":9,"Shielded":false,"ShieldHit":false}],"Owner":{"FailedFirstPhaseCommands":0,"Name":"BotJuara","Ships":[{"Cells":[null,null,null],"Destroyed":false,"Placed":false,"ShipType":"Submarine","Weapons":[{"WeaponType":"SingleShot","EnergyRequired":1},{"WeaponType":"SeekerMissile","EnergyRequired":36}]},{"Cells":[null,null],"Destroyed":false,"Placed":false,"ShipType":"Destroyer","Weapons":[{"WeaponType":"SingleShot","EnergyRequired":1},{"WeaponType":"DoubleShot","EnergyRequired":24}]},{"Cells":[null,null,null,null],"Destroyed":false,"Placed":false,"ShipType":"Battleship","Weapons":[{"WeaponType":"SingleShot","EnergyRequired":1},{"WeaponType":"DiagonalCrossShot","EnergyRequired":36}]},{"Cells":[null,null,null,null,null],"Destroyed":false,"Placed":false,"ShipType":"Carrier","Weapons":[{"WeaponType":"SingleShot","EnergyRequired":1},{"WeaponType":"CornerShot","EnergyRequired":30}]},{"Cells":[null,null,null],"Destroyed":false,"Placed":false,"ShipType":"Cruiser","Weapons":[{"WeaponType":"SingleShot","EnergyRequired":1},{"WeaponType":"CrossShot","EnergyRequired":42}]}],"Points":0,"Energy":3,"Killed":false,"IsWinner":false,"ShotsFired":0,"ShotsHit":0,"Shield":{"ChargeTime":7,"RoundLastUsed":0,"CurrentCharges":0,"Active":false,"CurrentRadius":0,"MaxRadius":2,"CenterPoint":"0, 0"},"ShipsRemaining":5,"Key":"B"},"MapWidth":10,"MapHeight":10}}